{
    "accuracy": 0.425,
    "precision": 0.5333333333333333,
    "recall": 0.26666666666666666,
    "f1_score": 0.3111111111111111,
    "unknown_count": 13,
    "unknown_percentage": 32.5
}
