{
    "accuracy": 0.225,
    "precision": 0.17973856209150327,
    "recall": 0.25999999999999995,
    "f1_score": 0.1490713587487781,
    "unknown_count": 0,
    "unknown_percentage": 0.0
}
