{
    "accuracy": 0.625,
    "precision": 0.20833333333333334,
    "recall": 0.3333333333333333,
    "f1_score": 0.25641025641025644
}
