{
    "accuracy": 0.35,
    "precision": 0.4583333333333333,
    "recall": 0.2866666666666667,
    "f1_score": 0.3473473473473474,
    "unknown_count": 18,
    "unknown_percentage": 45.0
}
