{
    "accuracy": 0.375,
    "precision": 0.3891304347826087,
    "recall": 0.35333333333333333,
    "f1_score": 0.3298389298389299
}
