{
    "accuracy": 0.175,
    "precision": 0.18040621266427717,
    "recall": 0.25333333333333335,
    "f1_score": 0.13398692810457516
}
