{
    "accuracy": 0.15,
    "precision": 0.37606837606837606,
    "recall": 0.3466666666666667,
    "f1_score": 0.10139860139860139
}
