{
    "accuracy": 0.575,
    "precision": 0.6555555555555556,
    "recall": 0.42,
    "f1_score": 0.4466772993088783
}
