{
    "accuracy": 0.45,
    "precision": 0.567413263065437,
    "recall": 0.5866666666666666,
    "f1_score": 0.4523809523809524
}
