{
    "accuracy": 0.55,
    "precision": 0.6777777777777777,
    "recall": 0.52,
    "f1_score": 0.5407407407407407
}
