{
    "accuracy": 0.275,
    "precision": 0.2916666666666667,
    "recall": 0.32,
    "f1_score": 0.2497371909136615
}
