{
    "accuracy": 0.55,
    "precision": 0.31541218637992835,
    "recall": 0.35333333333333333,
    "f1_score": 0.33145363408521306,
    "unknown_count": 0,
    "unknown_percentage": 0.0
}
