{
    "accuracy": 0.225,
    "precision": 0.2175324675324675,
    "recall": 0.27999999999999997,
    "f1_score": 0.1717171717171717
}
