{
    "accuracy": 0.25,
    "precision": 0.14379084967320263,
    "recall": 0.3666666666666667,
    "f1_score": 0.196969696969697
}
