{
    "accuracy": 0.65,
    "precision": 0.5469135802469136,
    "recall": 0.5333333333333333,
    "f1_score": 0.5378917378917379
}
