{
    "accuracy": 0.475,
    "precision": 0.534919028340081,
    "recall": 0.5666666666666668,
    "f1_score": 0.4717348927875243
}
