{
    "accuracy": 0.325,
    "precision": 0.34259259259259256,
    "recall": 0.37333333333333335,
    "f1_score": 0.21389305347326337
}
