{
    "accuracy": 0.525,
    "precision": 0.37222222222222223,
    "recall": 0.37333333333333335,
    "f1_score": 0.3715099715099715
}
