{
    "accuracy": 0.6,
    "precision": 0.49652777777777773,
    "recall": 0.4466666666666666,
    "f1_score": 0.4223817118553961
}
