{
    "accuracy": 0.15,
    "precision": 0.1574074074074074,
    "recall": 0.3466666666666667,
    "f1_score": 0.10511033681765387
}
