{
    "accuracy": 0.625,
    "precision": 0.543859649122807,
    "recall": 0.38666666666666666,
    "f1_score": 0.36507936507936506
}
