{
    "accuracy": 0.4,
    "precision": 0.2760942760942761,
    "recall": 0.3333333333333333,
    "f1_score": 0.2800387596899225
}
