{
    "accuracy": 0.6,
    "precision": 0.43790849673202614,
    "recall": 0.4266666666666667,
    "f1_score": 0.4152542372881356
}
