{
    "accuracy": 0.525,
    "precision": 0.5555555555555555,
    "recall": 0.3,
    "f1_score": 0.30303030303030304,
    "unknown_count": 9,
    "unknown_percentage": 22.5
}
