{
    "accuracy": 0.6,
    "precision": 0.5483870967741935,
    "recall": 0.46666666666666673,
    "f1_score": 0.48809523809523814
}
