{
    "accuracy": 0.325,
    "precision": 0.5243827160493827,
    "recall": 0.46666666666666673,
    "f1_score": 0.3621212121212121
}
