{
    "accuracy": 0.525,
    "precision": 0.25595238095238093,
    "recall": 0.3,
    "f1_score": 0.2731338149294806
}
