{
    "accuracy": 0.65,
    "precision": 0.5495495495495496,
    "recall": 0.4533333333333333,
    "f1_score": 0.4485407066052227
}
