{
    "accuracy": 0.525,
    "precision": 0.3866666666666667,
    "recall": 0.45999999999999996,
    "f1_score": 0.37142857142857144,
    "unknown_count": 0,
    "unknown_percentage": 0.0
}
