{
    "accuracy": 0.525,
    "precision": 0.25163398692810457,
    "recall": 0.3,
    "f1_score": 0.2676553672316384,
    "unknown_count": 0,
    "unknown_percentage": 0.0
}
