{
    "accuracy": 0.625,
    "precision": 0.5069444444444444,
    "recall": 0.4266666666666667,
    "f1_score": 0.4358813700918964
}
