{
    "accuracy": 0.25,
    "precision": 0.1921921921921922,
    "recall": 0.31333333333333335,
    "f1_score": 0.1514690982776089,
    "unknown_count": 0,
    "unknown_percentage": 0.0
}
