{
    "accuracy": 0.45,
    "precision": 0.2981366459627329,
    "recall": 0.32,
    "f1_score": 0.3055555555555556
}
