{
    "accuracy": 0.325,
    "precision": 0.26515151515151514,
    "recall": 0.3133333333333333,
    "f1_score": 0.23391812865497075
}
