{
    "accuracy": 0.475,
    "precision": 0.18627450980392157,
    "recall": 0.25333333333333335,
    "f1_score": 0.21468926553672316,
    "unknown_count": 0,
    "unknown_percentage": 0.0
}
