{
    "accuracy": 0.5,
    "precision": 0.5119047619047619,
    "recall": 0.58,
    "f1_score": 0.4816849816849817
}
