{
    "accuracy": 0.45,
    "precision": 0.6111111111111112,
    "recall": 0.6266666666666667,
    "f1_score": 0.47857889237199586
}
