{
    "accuracy": 0.525,
    "precision": 0.4158730158730159,
    "recall": 0.4133333333333334,
    "f1_score": 0.4096618357487922
}
