{
    "accuracy": 0.6,
    "precision": 0.4917898193760262,
    "recall": 0.46666666666666673,
    "f1_score": 0.4734931009440813
}
