{
    "accuracy": 0.25,
    "precision": 0.08547008547008546,
    "recall": 0.3333333333333333,
    "f1_score": 0.1360544217687075
}
