{
    "accuracy": 0.175,
    "precision": 0.29901960784313725,
    "recall": 0.38000000000000006,
    "f1_score": 0.15778049111382444
}
