{
    "accuracy": 0.275,
    "precision": 0.25,
    "recall": 0.32666666666666666,
    "f1_score": 0.17641179410294852
}
