{
    "accuracy": 0.525,
    "precision": 0.4539393939393939,
    "recall": 0.42666666666666675,
    "f1_score": 0.43830687830687837
}
