{
    "accuracy": 0.625,
    "precision": 0.44805194805194803,
    "recall": 0.49333333333333335,
    "f1_score": 0.46335697399527187,
    "unknown_count": 1,
    "unknown_percentage": 2.5
}
