{
    "accuracy": 0.575,
    "precision": 0.41904761904761906,
    "recall": 0.43333333333333335,
    "f1_score": 0.42412134665186835
}
