{
    "accuracy": 0.475,
    "precision": 0.46122004357298474,
    "recall": 0.45999999999999996,
    "f1_score": 0.44285714285714284
}
