{
    "accuracy": 0.55,
    "precision": 0.31313131313131315,
    "recall": 0.3333333333333333,
    "f1_score": 0.31321839080459773
}
