{
    "accuracy": 0.175,
    "precision": 0.4777777777777778,
    "recall": 0.3133333333333333,
    "f1_score": 0.18804704067861963
}
