{
    "accuracy": 0.775,
    "precision": 0.811111111111111,
    "recall": 0.7066666666666667,
    "f1_score": 0.7116883116883117
}
