{
    "accuracy": 0.6,
    "precision": 0.4066666666666667,
    "recall": 0.43999999999999995,
    "f1_score": 0.4218181818181818
}
