{
    "accuracy": 0.475,
    "precision": 0.3302469135802469,
    "recall": 0.3266666666666667,
    "f1_score": 0.32711051132103763
}
