{
    "accuracy": 0.375,
    "precision": 0.25757575757575757,
    "recall": 0.32,
    "f1_score": 0.26453488372093026
}
