{
    "accuracy": 0.575,
    "precision": 0.20175438596491227,
    "recall": 0.3066666666666667,
    "f1_score": 0.24338624338624337
}
