{
    "accuracy": 0.25,
    "precision": 0.24074074074074073,
    "recall": 0.29333333333333333,
    "f1_score": 0.1619190404797601,
    "unknown_count": 0,
    "unknown_percentage": 0.0
}
