{
    "accuracy": 0.4,
    "precision": 0.46699346405228753,
    "recall": 0.48000000000000004,
    "f1_score": 0.3951515151515152
}
