{
    "accuracy": 0.625,
    "precision": 0.37202380952380953,
    "recall": 0.3933333333333333,
    "f1_score": 0.37495700034399726
}
