{
    "accuracy": 0.4,
    "precision": 0.2238095238095238,
    "recall": 0.26666666666666666,
    "f1_score": 0.2350877192982456
}
