{
    "accuracy": 0.575,
    "precision": 0.31398809523809523,
    "recall": 0.41333333333333333,
    "f1_score": 0.3567251461988304
}
