{
    "accuracy": 0.175,
    "precision": 0.16666666666666666,
    "recall": 0.3666666666666667,
    "f1_score": 0.18318318318318316
}
