{
    "accuracy": 0.3,
    "precision": 0.49794745484400654,
    "recall": 0.5066666666666667,
    "f1_score": 0.323867478025693
}
