{
    "accuracy": 0.225,
    "precision": 0.14583333333333334,
    "recall": 0.39999999999999997,
    "f1_score": 0.21288515406162464
}
