{
    "accuracy": 0.5,
    "precision": 0.43752913752913747,
    "recall": 0.4333333333333333,
    "f1_score": 0.4330558125192723
}
