{
    "accuracy": 0.2,
    "precision": 0.10256410256410257,
    "recall": 0.26666666666666666,
    "f1_score": 0.14814814814814814
}
