{
    "accuracy": 0.025,
    "precision": 0.3333333333333333,
    "recall": 0.013333333333333334,
    "f1_score": 0.025641025641025644,
    "unknown_count": 39,
    "unknown_percentage": 97.5
}
