{
    "accuracy": 0.35,
    "precision": 0.5642857142857144,
    "recall": 0.5533333333333333,
    "f1_score": 0.38597742127153895
}
