{
    "accuracy": 0.575,
    "precision": 0.5340909090909091,
    "recall": 0.48,
    "f1_score": 0.4760346036941782
}
