{
    "accuracy": 0.8,
    "precision": 0.7542735042735043,
    "recall": 0.7599999999999999,
    "f1_score": 0.75222816399287
}
