{
    "accuracy": 0.6,
    "precision": 0.4656862745098039,
    "recall": 0.39333333333333337,
    "f1_score": 0.37821720025109856
}
