{
    "accuracy": 0.525,
    "precision": 0.5222222222222223,
    "recall": 0.5066666666666667,
    "f1_score": 0.4833333333333334
}
