{
    "accuracy": 0.425,
    "precision": 0.31555555555555553,
    "recall": 0.3666666666666667,
    "f1_score": 0.3
}
