{
    "accuracy": 0.5,
    "precision": 0.5072239422084623,
    "recall": 0.49333333333333335,
    "f1_score": 0.4765553731070972
}
