{
    "accuracy": 0.575,
    "precision": 0.6517241379310345,
    "recall": 0.42,
    "f1_score": 0.445679012345679
}
