{
    "accuracy": 0.6,
    "precision": 0.28571428571428575,
    "recall": 0.37333333333333335,
    "f1_score": 0.32222222222222224
}
