{
    "accuracy": 0.275,
    "precision": 0.20120120120120122,
    "recall": 0.39999999999999997,
    "f1_score": 0.225177304964539
}
