{
    "accuracy": 0.375,
    "precision": 0.46296296296296297,
    "recall": 0.24,
    "f1_score": 0.3041144901610018,
    "unknown_count": 19,
    "unknown_percentage": 47.5
}
