{
    "accuracy": 0.45,
    "precision": 0.2222222222222222,
    "recall": 0.24,
    "f1_score": 0.23076923076923075,
    "unknown_count": 13,
    "unknown_percentage": 32.5
}
