{
    "accuracy": 0.55,
    "precision": 0.4055555555555555,
    "recall": 0.42,
    "f1_score": 0.3991341991341992
}
