{
    "accuracy": 0.5,
    "precision": 0.4071484071484071,
    "recall": 0.38000000000000006,
    "f1_score": 0.38772175536881415
}
