{
    "accuracy": 0.45,
    "precision": 0.3311965811965812,
    "recall": 0.3333333333333333,
    "f1_score": 0.3307585660526837
}
