{
    "accuracy": 0.525,
    "precision": 0.4325396825396825,
    "recall": 0.4333333333333333,
    "f1_score": 0.4247987117552335
}
