{
    "accuracy": 0.35,
    "precision": 0.39587046939988113,
    "recall": 0.36000000000000004,
    "f1_score": 0.3469053469053469
}
