{
    "accuracy": 0.525,
    "precision": 0.38095238095238093,
    "recall": 0.4066666666666667,
    "f1_score": 0.3911970382558618
}
