{
    "accuracy": 0.425,
    "precision": 0.3523809523809524,
    "recall": 0.36000000000000004,
    "f1_score": 0.3516908212560386
}
