{
    "accuracy": 0.525,
    "precision": 0.3820662768031189,
    "recall": 0.42,
    "f1_score": 0.37797380379577655
}
