{
    "accuracy": 0.65,
    "precision": 0.5063492063492063,
    "recall": 0.42,
    "f1_score": 0.4131868131868132
}
