{
    "accuracy": 0.525,
    "precision": 0.3444444444444444,
    "recall": 0.35333333333333333,
    "f1_score": 0.34141414141414145
}
