{
    "accuracy": 0.45,
    "precision": 0.41794871794871796,
    "recall": 0.3333333333333333,
    "f1_score": 0.3532091097308488
}
