{
    "accuracy": 0.6,
    "precision": 0.21052631578947367,
    "recall": 0.32,
    "f1_score": 0.25396825396825395
}
