{
    "accuracy": 0.45,
    "precision": 0.29894179894179895,
    "recall": 0.34,
    "f1_score": 0.3074534161490683
}
