{
    "accuracy": 0.625,
    "precision": 0.37719298245614036,
    "recall": 0.35333333333333333,
    "f1_score": 0.3095238095238095
}
