{
    "accuracy": 0.475,
    "precision": 0.3666666666666667,
    "recall": 0.3666666666666667,
    "f1_score": 0.36586921850079746
}
