{
    "accuracy": 0.475,
    "precision": 0.406280193236715,
    "recall": 0.4000000000000001,
    "f1_score": 0.4022727272727273
}
