{
    "accuracy": 0.6,
    "precision": 0.503584229390681,
    "recall": 0.4466666666666666,
    "f1_score": 0.4583333333333333
}
