{
    "accuracy": 0.325,
    "precision": 0.375,
    "recall": 0.3466666666666667,
    "f1_score": 0.2901412313177019
}
