{
    "accuracy": 0.575,
    "precision": 0.37971014492753624,
    "recall": 0.4266666666666667,
    "f1_score": 0.39611111111111114
}
