{
    "accuracy": 0.625,
    "precision": 0.2192982456140351,
    "recall": 0.3333333333333333,
    "f1_score": 0.26455026455026454,
    "unknown_count": 2,
    "unknown_percentage": 5.0
}
