{
    "accuracy": 0.625,
    "precision": 0.2136752136752137,
    "recall": 0.3333333333333333,
    "f1_score": 0.2604166666666667,
    "unknown_count": 1,
    "unknown_percentage": 2.5
}
