{
    "accuracy": 0.625,
    "precision": 0.3796296296296296,
    "recall": 0.37333333333333335,
    "f1_score": 0.3466042154566744,
    "unknown_count": 0,
    "unknown_percentage": 0.0
}
