{
    "accuracy": 0.6,
    "precision": 0.533205619412516,
    "recall": 0.45333333333333337,
    "f1_score": 0.47015687366564557
}
