{
    "accuracy": 0.475,
    "precision": 0.4351851851851851,
    "recall": 0.44,
    "f1_score": 0.42532661137312305
}
