{
    "accuracy": 0.3,
    "precision": 0.38611111111111107,
    "recall": 0.36000000000000004,
    "f1_score": 0.28563218390804596
}
