{
    "accuracy": 0.65,
    "precision": 0.42,
    "recall": 0.48666666666666664,
    "f1_score": 0.4477777777777778,
    "unknown_count": 0,
    "unknown_percentage": 0.0
}
