{
    "accuracy": 0.4,
    "precision": 0.3619047619047619,
    "recall": 0.36000000000000004,
    "f1_score": 0.3504909560723514
}
