{
    "accuracy": 0.4,
    "precision": 0.3996212121212121,
    "recall": 0.2866666666666667,
    "f1_score": 0.2858831475852752
}
