{
    "accuracy": 0.3,
    "precision": 0.4679487179487179,
    "recall": 0.47333333333333333,
    "f1_score": 0.32165368928439003
}
