{
    "accuracy": 0.25,
    "precision": 0.2006172839506173,
    "recall": 0.5,
    "f1_score": 0.2556818181818182
}
