{
    "accuracy": 0.025,
    "precision": 0.16666666666666666,
    "recall": 0.013333333333333334,
    "f1_score": 0.024691358024691357,
    "unknown_count": 38,
    "unknown_percentage": 95.0
}
