{
    "accuracy": 0.575,
    "precision": 0.42810457516339867,
    "recall": 0.41333333333333333,
    "f1_score": 0.40395480225988695
}
