{
    "accuracy": 0.125,
    "precision": 0.043859649122807015,
    "recall": 0.3333333333333333,
    "f1_score": 0.07751937984496124
}
