{
    "accuracy": 0.425,
    "precision": 0.5562169312169312,
    "recall": 0.5733333333333334,
    "f1_score": 0.42866801893171064
}
