{
    "accuracy": 0.525,
    "precision": 0.3111111111111111,
    "recall": 0.34,
    "f1_score": 0.32344497607655504,
    "unknown_count": 1,
    "unknown_percentage": 2.5
}
