{
    "accuracy": 0.425,
    "precision": 0.37878787878787873,
    "recall": 0.2866666666666667,
    "f1_score": 0.32358156028368795,
    "unknown_count": 10,
    "unknown_percentage": 25.0
}
