{
    "accuracy": 0.45,
    "precision": 0.4420634920634921,
    "recall": 0.48666666666666664,
    "f1_score": 0.4306138306138306
}
