{
    "accuracy": 0.275,
    "precision": 0.39285714285714285,
    "recall": 0.5133333333333333,
    "f1_score": 0.29236812570145904
}
