{
    "accuracy": 0.65,
    "precision": 0.5625,
    "recall": 0.49333333333333335,
    "f1_score": 0.5006961849067112
}
