{
    "accuracy": 0.125,
    "precision": 0.041666666666666664,
    "recall": 0.3333333333333333,
    "f1_score": 0.07407407407407407
}
