{
    "accuracy": 0.4,
    "precision": 0.5586206896551724,
    "recall": 0.48000000000000004,
    "f1_score": 0.3991177281499862
}
