{
    "accuracy": 0.4,
    "precision": 0.29239766081871343,
    "recall": 0.29333333333333333,
    "f1_score": 0.2780005346164127
}
