{
    "accuracy": 0.325,
    "precision": 0.4142857142857143,
    "recall": 0.47333333333333333,
    "f1_score": 0.338034188034188
}
