{
    "accuracy": 0.5,
    "precision": 0.19607843137254902,
    "recall": 0.26666666666666666,
    "f1_score": 0.22598870056497175
}
