{
    "accuracy": 0.375,
    "precision": 0.41111111111111115,
    "recall": 0.3866666666666667,
    "f1_score": 0.3732009925558313
}
