{
    "accuracy": 0.4,
    "precision": 0.5472222222222222,
    "recall": 0.6,
    "f1_score": 0.4224694104560623
}
