{
    "accuracy": 0.25,
    "precision": 0.2222222222222222,
    "recall": 0.13333333333333333,
    "f1_score": 0.16666666666666666,
    "unknown_count": 22,
    "unknown_percentage": 55.00000000000001
}
