{
    "accuracy": 0.15,
    "precision": 0.1503267973856209,
    "recall": 0.29333333333333333,
    "f1_score": 0.11138682106424042
}
