{
    "accuracy": 0.45,
    "precision": 0.5445526695526696,
    "recall": 0.5533333333333333,
    "f1_score": 0.45441595441595445
}
