{
    "accuracy": 0.5,
    "precision": 0.4583333333333333,
    "recall": 0.4333333333333333,
    "f1_score": 0.44313887171030025
}
