{
    "accuracy": 0.45,
    "precision": 0.278735632183908,
    "recall": 0.26,
    "f1_score": 0.2574955908289242
}
