{
    "accuracy": 0.3,
    "precision": 0.1818181818181818,
    "recall": 0.16,
    "f1_score": 0.1702127659574468,
    "unknown_count": 15,
    "unknown_percentage": 37.5
}
