{
    "accuracy": 0.425,
    "precision": 0.39303221288515405,
    "recall": 0.3933333333333333,
    "f1_score": 0.3785103785103785
}
