{
    "accuracy": 0.45,
    "precision": 0.2571428571428571,
    "recall": 0.3466666666666667,
    "f1_score": 0.29014675052410904
}
