{
    "accuracy": 0.2,
    "precision": 0.45588235294117646,
    "recall": 0.34,
    "f1_score": 0.19289714117300324
}
