{
    "accuracy": 0.425,
    "precision": 0.5581780538302277,
    "recall": 0.6133333333333334,
    "f1_score": 0.444047619047619
}
