{
    "accuracy": 0.525,
    "precision": 0.21212121212121213,
    "recall": 0.27999999999999997,
    "f1_score": 0.2413793103448276,
    "unknown_count": 1,
    "unknown_percentage": 2.5
}
