{
    "accuracy": 0.625,
    "precision": 0.32732732732732733,
    "recall": 0.35333333333333333,
    "f1_score": 0.3093465674110835
}
