{
    "accuracy": 0.3,
    "precision": 0.2884012539184953,
    "recall": 0.37333333333333335,
    "f1_score": 0.22657952069716777
}
