{
    "accuracy": 0.3,
    "precision": 0.30277777777777776,
    "recall": 0.26,
    "f1_score": 0.23137254901960783,
    "unknown_count": 1,
    "unknown_percentage": 2.5
}
