{
    "accuracy": 0.55,
    "precision": 0.4365079365079365,
    "recall": 0.44,
    "f1_score": 0.4309605488850772
}
