{
    "accuracy": 0.4,
    "precision": 0.3212121212121212,
    "recall": 0.29333333333333333,
    "f1_score": 0.30476190476190473,
    "unknown_count": 8,
    "unknown_percentage": 20.0
}
