{
    "accuracy": 0.275,
    "precision": 0.40932311621966794,
    "recall": 0.5133333333333333,
    "f1_score": 0.2981691702021939
}
