{
    "accuracy": 0.575,
    "precision": 0.3206349206349206,
    "recall": 0.36000000000000004,
    "f1_score": 0.3277777777777778
}
