{
    "accuracy": 0.325,
    "precision": 0.4693548387096775,
    "recall": 0.49333333333333335,
    "f1_score": 0.3967479674796748
}
