{
    "accuracy": 0.525,
    "precision": 0.4537037037037037,
    "recall": 0.42,
    "f1_score": 0.4291754756871036,
    "unknown_count": 7,
    "unknown_percentage": 17.5
}
