{
    "accuracy": 0.25,
    "precision": 0.47428571428571425,
    "recall": 0.38000000000000006,
    "f1_score": 0.22914979757085022
}
