{
    "accuracy": 0.675,
    "precision": 0.6203703703703703,
    "recall": 0.5466666666666667,
    "f1_score": 0.5711684872558755
}
