{
    "accuracy": 0.3,
    "precision": 0.33595238095238095,
    "recall": 0.3333333333333333,
    "f1_score": 0.27085137085137084
}
