{
    "accuracy": 0.65,
    "precision": 0.5666666666666667,
    "recall": 0.5133333333333333,
    "f1_score": 0.5212121212121212
}
