{
    "accuracy": 0.4,
    "precision": 0.2509057971014493,
    "recall": 0.37333333333333335,
    "f1_score": 0.27579365079365076
}
