{
    "accuracy": 0.525,
    "precision": 0.3957264957264957,
    "recall": 0.39333333333333337,
    "f1_score": 0.39415204678362575
}
