{
    "accuracy": 0.5,
    "precision": 0.3865740740740741,
    "recall": 0.4066666666666667,
    "f1_score": 0.3810375670840787
}
