{
    "accuracy": 0.525,
    "precision": 0.28763440860215056,
    "recall": 0.32,
    "f1_score": 0.3002645502645503
}
