{
    "accuracy": 0.4,
    "precision": 0.5,
    "recall": 0.4266666666666667,
    "f1_score": 0.39153439153439157,
    "unknown_count": 5,
    "unknown_percentage": 12.5
}
